id;name;paymonth;amount;notes
1;Re-engineered;60766;85085;artificial Squares Supervisor
2;Pa'anga Pataca;84928;33241;Incredible B2C Assistant
3;intermediate Wooden;94537;86079;online reboot Computers
4;cross-platform Bacon SAS;38193;29508;Agent Ameliorated
5;Rubber Tuna;9682;64034;connect Fantastic
6;lavender Kansas;78442;56259;Rustic Car Spring
7;XSS global;21494;57910;Gloves
8;deposit maximize deposit;34555;78140;hacking
9;withdrawal;22784;88905;transform
10;Tunnel indexing;52258;59483;Sports Networked virtual
